model_name,WAPE,sMAPE,MAE,RMSE,Bias,MedianAE
lightgbm,0.07196589265107987,8.358491155392143,6143.6153461717695,11861.026293021585,-665.641515595528,3070.850784179587
