model_name,horizon,WAPE,sMAPE,MAE,RMSE,Bias,MedianAE
lightgbm,1,0.05869103968430705,7.09167099127661,4981.3546984842615,9223.518751857944,-88.02908126064156,2577.5844459469336
lightgbm,2,0.06357717095630824,7.658937406898953,5409.566348066154,10276.936465769131,-502.1032235743983,2888.739999292491
lightgbm,3,0.06793518638280642,7.849010542360932,5790.6365498251125,10692.553396287969,-826.3271270120194,2812.878068029375
lightgbm,4,0.06864429325727986,8.10286809929784,5860.078665350605,11496.494034776995,-341.5627429465933,2989.8323883823323
lightgbm,5,0.07705643679085511,8.704773021808085,6580.838409977442,12066.816985216894,-258.2456695405347,3150.9142061503953
lightgbm,6,0.07776628051587457,8.759750840431156,6652.43186527109,13212.183081430489,-831.3720364595204,3304.905198713095
lightgbm,7,0.078145059117303,8.89101052905338,6692.61936607334,13045.176707367926,-1299.3203453363947,3280.6676023481195
lightgbm,8,0.08441975950232622,9.881571503398703,7244.516730536942,14185.208509298911,-1207.1892428184456,3686.5087984349666
