model_name,WAPE,sMAPE,MAE,RMSE,Bias,MedianAE
mlp,0.05205354111725692,5.240617001818692,4524.162020365397,7007.691577434159,434.1941452026367,2399.296875
