model_name,horizon,WAPE,sMAPE,MAE,RMSE,Bias,MedianAE
mlp,1,0.039962458207024515,4.52677417272539,3398.9623413085938,5043.113595832925,991.3465372721354,2099.640625
mlp,2,0.03718569196164949,3.7283829658127297,3220.7372233072915,5336.657656547368,388.6739501953125,1589.216796875
mlp,3,0.039910956026819704,4.042380965216862,3480.8070068359375,5125.73356016931,12.215616861979166,1834.32421875
mlp,4,0.04820280495350388,4.899265599706653,4231.0564371744795,6225.103268556849,-637.9036458333334,2484.228515625
mlp,5,0.07089715546177283,7.3565737213745095,6060.401102701823,9269.671791703611,1976.4802856445312,3294.9130859375
mlp,6,0.05546374899533234,5.218106815280296,4820.107727050781,7522.473093832596,1072.752665201823,2145.91015625
mlp,7,0.05940227381307385,5.773960340266808,5205.151468912761,7904.016131355721,296.76820882161456,2908.5703125
mlp,8,0.06516342995652172,6.37949143416629,5776.072855631511,8302.77528659888,-626.7804565429688,3119.0859375
