model_name,WAPE,sMAPE,MAE,RMSE,Bias,MedianAE
seasonal_naive,0.10073586137098965,11.88754546192556,8755.319010416666,12365.218785815872,-3293.38671875,5637.0
