model_name,horizon,WAPE,sMAPE,MAE,RMSE,Bias,MedianAE
seasonal_naive,1,0.09045148216700369,10.620709775941643,7693.25,11027.11532900453,-1433.6458333333333,4473.5
seasonal_naive,2,0.10818941888767204,12.210617282717664,9370.53125,13520.211641973287,-2992.03125,6078.0
seasonal_naive,3,0.10450500592708933,11.999749295752041,9114.333333333334,12599.040697608687,-3594.0833333333335,5997.0
seasonal_naive,4,0.09319504753450716,11.471088220301434,8180.302083333333,11072.874086308848,-4155.90625,6422.5
seasonal_naive,5,0.08732692422051923,10.826203385838456,7464.84375,10026.200686098233,-1861.34375,5029.0
seasonal_naive,6,0.10173760235159506,12.202990857444044,8841.5625,12594.844485112417,-3285.3125,5797.0
seasonal_naive,7,0.10965789051983085,12.83719537698938,9608.822916666666,13439.157061782185,-4005.21875,6090.0
seasonal_naive,8,0.11020903892392196,12.931809500419803,9768.90625,14060.070137849598,-5019.552083333333,5636.0
