category,number_of_series,total_sales_units,mean_weekly_sales,median_weekly_sales,mean_zero_share,mean_outlier_share,item_count
FOODS,1437,45922427,114.95378311129802,50.0,0.22056592721647317,0.008425827187936498,1437
HOUSEHOLD,1047,14764090,50.724200009619814,22.0,0.22542653556238104,0.007987879037744016,1047
HOBBIES,565,6240656,39.73168650919972,16.0,0.20816833259056472,0.009390717514483988,565
