category_name,FOODS,HOBBIES,HOUSEHOLD
FOODS,1.0,0.5134824093115679,0.7630260616644394
HOBBIES,0.5134824093115679,1.0,0.7521875493612155
HOUSEHOLD,0.7630260616644394,0.7521875493612155,1.0
