category,number_of_series,total_sales_units,mean_weekly_sales,median_weekly_sales,mean_zero_share,mean_outlier_share,item_count
FOODS,1,45922427,165188.58633093524,169619.0,0.0,0.0035971223021582736,1437
HOUSEHOLD,1,14764090,53108.23741007194,55541.5,0.0,0.0035971223021582736,1047
HOBBIES,1,6240656,22448.40287769784,22608.5,0.0,0.0035971223021582736,565
