category_name,FOODS,HOBBIES,HOUSEHOLD
FOODS,1.0,0.4853879771652872,0.6382750598826596
HOBBIES,0.4853879771652872,1.0,0.6633000798209053
HOUSEHOLD,0.6382750598826596,0.6633000798209053,1.0
