model_name,horizon,WAPE,sMAPE,MAE,RMSE,Bias,MedianAE
nbeats,1,0.043235819551447716,5.091924286479674,3669.6053439143407,5554.714324688709,-109.14034530491504,2160.8134765625
nbeats,2,0.04811307659820426,5.737765964297578,4093.7788856072157,6345.733486600737,-92.0958984375,2181.60546875
nbeats,3,0.05662677032508466,6.573659979494215,4826.733588324652,7279.690837401934,254.93625695720996,2820.37158203125
nbeats,4,0.06018607254431099,7.064023608349521,5138.010793501129,7544.200071943403,275.0685117123358,3237.859375
nbeats,5,0.07162114945586096,7.803586292831623,6116.6494446807965,9225.85088107161,888.7640763588078,3347.8251953125
nbeats,6,0.07698847294575843,8.299467788332569,6585.895162857587,10025.439568986414,1154.2668104788556,3600.994140625
nbeats,7,0.08353749178790935,8.939307767870751,7154.446380208334,11001.007776752576,1284.4041536458333,3645.1884765625
nbeats,8,0.08258921724485277,9.147695199826885,7087.427986285595,10941.591448066221,1012.8926468278894,4035.87109375
