model_name,WAPE,sMAPE,MAE,RMSE,Bias,MedianAE
nbeats,0.06524695416159204,7.316649511700075,5570.030108868635,8692.266118075755,578.0665270142104,3075.369140625
