model_name,WAPE,sMAPE,MAE,RMSE,Bias,MedianAE
ets,0.08224973181976199,8.423860692246723,17615.712937899792,21620.909050590748,-17615.712937899792,17615.712937899792
