model_name,horizon,WAPE,sMAPE,MAE,RMSE,Bias,MedianAE
ets,1,0.13352556923115685,14.307784455011758,30151.675839225994,30151.675839225994,-30151.675839225994,30151.675839225994
ets,2,0.025080850403997285,2.539936929481688,5079.7500365735905,5079.7500365735905,-5079.7500365735905,5079.7500365735905
