segment_label,series_count,share_of_series,mean_history_weeks,mean_zero_share,mean_outlier_share,mean_total_sales
medium_noise,2050,0.6723515906854707,278.0,0.1248780487804878,0.005527285488682225,23959.594146341464
intermittent,739,0.24237454903246966,278.0,0.5606205157660069,0.01638418629102131,8018.418132611638
stable,260,0.08527386028205969,278.0,0.0011206419479800776,0.008992805755395683,45709.20769230769
