model_name,horizon,WAPE,sMAPE,MAE,RMSE,Bias,MedianAE
naive,1,0.09620775946817048,7.750055373983159,8182.84375,13807.213046613837,1758.6145833333333,3149.0
naive,2,0.07955786672837206,6.2862965327714475,6890.6875,10839.446261225708,200.22916666666666,3035.0
naive,3,0.04414806675365703,4.481193160102889,3850.34375,5742.203831609429,-401.8229166666667,2346.0
naive,4,0.06865095988730803,6.238353360049434,6025.916666666667,9377.444741239482,-963.6458333333334,3476.5
naive,5,0.10538039870186464,9.211491174171774,9008.083333333334,14474.017312642218,1330.9166666666667,3562.5
naive,6,0.08308241238422986,6.951529788894732,7220.322916666667,11655.675226668909,-93.05208333333333,2903.0
naive,7,0.062334433818938655,6.195971742045387,5462.083333333333,8009.527065470221,-812.9583333333334,3590.0
naive,8,0.06790380542974726,6.876536522358701,6018.979166666667,9112.883483014582,-1827.2916666666667,3157.0
