model_name,WAPE,sMAPE,MAE,RMSE,Bias,MedianAE
naive,0.07573504676015977,6.748928456797191,6582.407552083333,10733.075126839718,-101.12630208333333,3079.0
