model_name,horizon,WAPE,sMAPE,MAE,RMSE,Bias,MedianAE
catboost,1,0.11123898545006194,11.779042938004356,25119.09778244939,25119.09778244939,-25119.09778244939,25119.09778244939
catboost,2,0.07261088525233662,7.534636851141804,14706.245644581999,14706.245644581999,-14706.245644581999,14706.245644581999
