model_name,WAPE,sMAPE,MAE,RMSE,Bias,MedianAE
catboost,0.0929744889704641,9.65683989457308,19912.671713515694,20582.06421089781,-19912.671713515694,19912.671713515694
