model_name,horizon,WAPE,sMAPE,MAE,RMSE,Bias,MedianAE
ridge,1,0.053644428928811085,7.463464951197028,4553.027677297879,6354.236820799434,-641.9017558769899,3200.595189963704
ridge,2,0.05984717657313255,8.038220996878756,5092.193747332322,7077.1370732091045,-673.7778934438658,3527.341994628543
ridge,3,0.060853417413066366,8.267907233742148,5187.003110115103,7387.845181269985,-611.3247255174196,3421.538518979327
ridge,4,0.0714609245810236,10.663035311522528,6100.53100807581,8557.686428284158,-1081.0197230562057,4190.024412584957
ridge,5,0.08081642854736314,12.483812992034748,6901.952377907025,9847.007986738072,-1022.0036971323848,4734.413968198405
ridge,6,0.08511713814144051,12.997284554288157,7281.252983897221,10579.623402975649,-1046.9530983523653,4880.818368137436
ridge,7,0.08602764877098587,12.843940727134495,7367.712235244465,10574.081600974967,-803.9277633051455,4834.963957016393
ridge,8,0.09261146170648475,14.921292433204043,7947.491058104975,11193.440374725304,-1127.294651704939,5201.488098181304
