model_name,WAPE,sMAPE,MAE,RMSE,Bias,MedianAE
ridge,0.0736907502408921,10.931400054115215,6290.86373243315,9093.676535715871,-874.390731847219,4207.604729484752
