model_name,horizon,WAPE,sMAPE,MAE,RMSE,Bias,MedianAE
catboost,1,0.058129330551099694,6.819882205280171,4933.680088442687,7178.957893277363,304.612906722982,3011.084797110023
catboost,2,0.06640431860454465,7.717563693466347,5650.118775122467,8092.521431783354,-96.57145573444512,3449.176454393135
catboost,3,0.06609483929332403,7.924108724536786,5633.769664075049,8041.194874208339,82.18463712570532,3466.1068489651334
catboost,4,0.06890517669719261,8.375283589987355,5882.349962902552,8372.76997919567,825.4078832567423,3756.017245713105
catboost,5,0.07405744432236401,8.874143066466393,6324.715941176478,9177.077282922906,803.123201437181,4021.7960702535274
catboost,6,0.08060995103558781,9.614498779786633,6895.690566268249,10006.569791822014,490.4742041304724,4007.8801766922115
catboost,7,0.077325513241949,9.277991594923952,6622.4305574815335,9635.438223085768,162.18170568682,4100.106210366079
catboost,8,0.0828107693809322,9.921384856484575,7106.440574878309,10350.473601524845,491.6374033249967,4290.564276984955
