model_name,WAPE,sMAPE,MAE,RMSE,Bias,MedianAE
catboost,0.07173201785237818,8.55477907383321,6123.649821539804,8905.885735528129,381.70676713191943,3787.6251402513444
