model_name,horizon,WAPE,sMAPE,MAE,RMSE,Bias,MedianAE
seasonal_naive,1,0.12412288799344592,15.165616008650737,10534.830097087379,15962.588783918041,-6743.5873786407765,6224.0
seasonal_naive,2,0.14817682962148052,16.414123065766642,12607.865040650406,18820.066993953835,-6834.544715447155,7331.0
seasonal_naive,3,0.14373544175311437,16.40062601829511,12251.67320261438,18256.280307070407,-6853.754901960784,6928.5
seasonal_naive,4,0.11762978499979775,15.181748715302009,10041.909688013136,15068.738910616305,-6870.402298850575,6530.0
seasonal_naive,5,0.11759498567457045,15.336194107980564,10042.945544554455,14699.059114328871,-6808.833333333333,6002.0
seasonal_naive,6,0.1436093677334921,16.725914970061787,12284.907131011609,17963.805368067875,-6814.757877280265,7329.0
seasonal_naive,7,0.14867315442342283,17.136721791800127,12732.895,18571.328138244,-6772.658333333334,7237.5
seasonal_naive,8,0.13117732748933314,16.326391671154628,11257.036850921273,16168.28458341157,-6844.068676716918,7180.0
