model_name,WAPE,sMAPE,MAE,RMSE,Bias,MedianAE
seasonal_naive,0.13432920475477178,16.08194521167717,11467.473456790123,17009.307580997513,-6817.7594650205765,6826.0
