model_name,horizon,WAPE,sMAPE,MAE,RMSE,Bias,MedianAE
ridge,1,0.09980732371562918,10.504968781459787,22537.691382873658,22537.691382873658,-22537.691382873658,22537.691382873658
ridge,2,0.08857524083134993,9.267980903404705,17939.58640177746,17939.58640177746,-17939.58640177746,17939.58640177746
