model_name,WAPE,sMAPE,MAE,RMSE,Bias,MedianAE
ridge,0.09449646614695822,9.886474842432246,20238.638892325558,20368.80326794503,-20238.638892325558,20238.638892325558
