model_name,WAPE,sMAPE,MAE,RMSE,Bias,MedianAE
naive,0.08512514655219633,8.13275811423987,7267.0002057613165,11747.537669227442,-528.667695473251,3494.5
