model_name,horizon,WAPE,sMAPE,MAE,RMSE,Bias,MedianAE
naive,1,0.09966975297838498,8.166840823447354,8459.38996763754,13743.89223704932,-236.2864077669903,3227.5
naive,2,0.09052519967744395,8.096648666211296,7702.482926829268,12488.167860246396,-406.77886178861786,3401.0
naive,3,0.05818101827934006,6.346837326994232,4959.214052287582,7459.385225088895,-477.4950980392157,2826.0
naive,4,0.07072425033486038,7.354004812444701,6037.642036124795,9388.159245019879,-521.5106732348112,3443.0
naive,5,0.10216761486814963,9.25741794205665,8725.404290429044,14097.343242845463,-520.8696369636964,3769.5
naive,6,0.10594574229611671,9.446085394840711,9063.013266998341,14506.808353961727,-620.6285240464344,3764.0
naive,7,0.08169423484235228,8.377265851564376,6996.583333333333,10840.325560916825,-677.4633333333334,3835.5
naive,8,0.07202920420349056,8.04599702643577,6181.21608040201,9376.185661797079,-782.14405360134,3525.0
