series_id,acf_lag_1,acf_lag_4,acf_lag_8,acf_lag_13,acf_lag_26,acf_lag_52
FOODS,0.7383265704342129,0.8675751258088868,0.7190815871985455,0.7632809904931458,0.6695745232155158,0.5394044362137822
HOBBIES,0.8438440227653651,0.8081320063403198,0.7638394969462864,0.7322515798222398,0.6073872447367095,0.45260707900249464
HOUSEHOLD,0.9511577508356421,0.928194243282428,0.866205743301849,0.8259973320510153,0.8236333345743027,0.7676283253797681
