series_id,adf_stat,adf_pvalue,kpss_stat,kpss_pvalue,stationarity_hint
FOODS,-2.525774076617216,0.10932848467355777,1.6972433571750358,0.01,likely_non_stationary
HOBBIES,-1.6466115201787548,0.4588082111106588,2.1145125961866063,0.01,likely_non_stationary
HOUSEHOLD,-1.4365670584555257,0.5646253631693648,2.2120191109466334,0.01,likely_non_stationary
