model_name,WAPE,sMAPE,MAE,RMSE,Bias,MedianAE
seasonal_naive,0.17826435109852526,19.410136697985635,38179.5,39914.018871819964,-38179.5,38179.5
