model_name,horizon,WAPE,sMAPE,MAE,RMSE,Bias,MedianAE
seasonal_naive,1,0.22061715055001505,24.79704135826742,49818.0,49818.0,-49818.0,49818.0
seasonal_naive,2,0.13104401708346705,14.023232037703849,26541.0,26541.0,-26541.0,26541.0
