model_name,WAPE,sMAPE,MAE,RMSE,Bias,MedianAE
naive,0.10811094743280565,11.273182919809134,23154.5,25914.967731023706,-23154.5,23154.5
