model_name,horizon,WAPE,sMAPE,MAE,RMSE,Bias,MedianAE
naive,1,0.15407949976086302,16.694055864367094,34793.0,34793.0,-34793.0,34793.0
naive,2,0.05685930826770682,5.852309975251172,11516.0,11516.0,-11516.0,11516.0
