model_name,WAPE,sMAPE,MAE,RMSE,Bias,MedianAE
nbeats,0.050562490124014106,5.286775017022592,4394.569371541341,6585.815164319243,328.0901794433594,2622.3857421875
