model_name,horizon,WAPE,sMAPE,MAE,RMSE,Bias,MedianAE
nbeats,1,0.04470738192718023,4.7845319910429245,3802.5365397135415,6047.450960285975,1153.4039713541667,1964.009765625
nbeats,2,0.03639846714225262,3.864728574963648,3152.5538940429688,4970.639343770222,352.76145426432294,1628.3564453125
nbeats,3,0.04219159190310329,4.37137421978604,3679.7111206054688,5385.231543268982,305.02618408203125,2257.80859375
nbeats,4,0.04352154108544047,4.778862165542585,3820.1531372070312,5480.106574012137,-614.9369913736979,2499.79296875
nbeats,5,0.06681392773161604,7.253082657996291,5711.360331217448,8219.19927206503,1533.2320760091145,3855.953125
nbeats,6,0.058493590379876,5.7353378821896435,5083.4177652994795,7431.402038348329,239.82246907552084,2757.869140625
nbeats,7,0.05555783831714979,5.5926958342338935,4868.2810465494795,7010.212593850679,288.656982421875,2704.02734375
nbeats,8,0.056842881091631395,5.913586810425708,5038.5411376953125,7399.218340345367,-633.2447102864584,3205.1357421875
