category,number_of_series,total_sales_units,mean_weekly_sales,median_weekly_sales,mean_zero_share,mean_outlier_share,item_count
BEVERAGES,4,18653787.0,19270.44111570248,20939.5,0.09607438016528926,0.027083333333333334,613
GROCERY I,3,12073594.0,16630.29476584022,16093.5,0.0,0.02361111111111111,1334
PRODUCE,2,11254522.401257632,23253.14545714387,32982.826049506664,0.38016528925619836,0.016666666666666666,306
BREAD/BAKERY,1,3703350.0,15303.099173553719,15163.5,0.0,0.0125,134
