series_id,category,segment_label,history_weeks,total_sales_units,mean_sales_units,zero_share,missing_share,outlier_share,coefficient_of_variation,skewness,sales_scale,volatility,trend_strength,mean_shift_ratio,variance_shift_ratio,acf_lag_1,acf_lag_7,acf_lag_28,acf_lag_52,acf_focus_lags,adf_pvalue,kpss_pvalue,kpss_pvalue_note,stationarity_hint
314384,GROCERY I,stable,242,3544341.0,14646.037190082645,0.0,0.0,0.016666666666666666,0.14524420118397777,-0.09937291311358011,14646.037190082645,2127.251972184384,0.004261721564631005,1.019911654464208,1.294442313120482,0.47315226488635326,0.20016697722402063,0.16221695539423217,0.3461925026316364,"[1, 7, 52]",0.7500899743648102,0.0290221482359811,exact,likely_non_stationary
