model_name,horizon,WAPE,sMAPE,MAE,RMSE,Bias,MedianAE
mlp,1,0.042108055194000536,5.097241451998605,3573.887252856998,5444.693551112459,-179.40158209445792,2144.841796875
mlp,2,0.05084454437270202,5.84196160193083,4326.190235962907,6732.506503642341,-65.87116520579268,2367.3984375
mlp,3,0.05862182550378771,6.555851236508947,4996.787430108762,7535.684651457066,273.35442357281454,2957.841796875
mlp,4,0.06285693933925801,6.990639221828707,5366.019398155275,7958.737953653326,477.5606062063834,3194.75390625
mlp,5,0.06860026484591347,7.506718983987636,5858.657324863346,8891.834144851922,1121.452865550227,3203.4931640625
mlp,6,0.0746692659177604,8.04649839225103,6387.50112069859,9776.482924319831,1289.6349049025705,3514.75
mlp,7,0.0788559019552504,8.558385247076986,6753.498461914062,10200.49691818596,1345.7498974609375,3767.9482421875
mlp,8,0.08398553896129837,8.960664522664574,7207.253914428916,11163.018201817333,1156.7142336029103,4044.8515625
