model_name,WAPE,sMAPE,MAE,RMSE,Bias,MedianAE
mlp,0.06496182328749424,7.180666656061848,5545.688933497299,8629.268819081419,671.1944428369342,3069.578125
