model_name,horizon,WAPE,sMAPE,MAE,RMSE,Bias,MedianAE
ridge,1,0.05470063689726283,5.921162517825091,4652.501702878481,6475.025026446121,721.7190316835546,2804.329061959277
ridge,2,0.047719125752160835,5.8326656612372245,4133.061843576045,5813.62338502191,-732.9394784316693,3044.6098111219653
ridge,3,0.044367078503735974,5.501348789781333,3869.444711493929,5567.579088840407,-979.0681594278885,2239.355515570245
ridge,4,0.06312924130929379,8.877852474461735,5541.241491512262,7518.253977463896,-1806.0890281390937,4387.555548222292
ridge,5,0.08012725724945971,9.458234043544339,6849.404817841128,9654.484345702811,215.22498761593093,4502.810547270092
ridge,6,0.06457179029891018,9.098026018507337,5611.647084936017,7511.063788094283,-1784.7523951289377,4481.789745155009
ridge,7,0.06398817265317672,8.348313450528488,5606.9929566470755,7784.423625478438,-2111.3654075053123,3751.6221166295327
ridge,8,0.0744204385319195,10.60048730999078,6596.612167211318,8959.61507458825,-3021.5516400924935,5209.999349205631
