model_name,WAPE,sMAPE,MAE,RMSE,Bias,MedianAE
ridge,0.061642961811197716,7.954761283234542,5357.613347012032,7531.1299485208365,-1187.3527611782386,3725.7385033048704
