series_id,category,segment_label,history_weeks,total_sales_units,mean_sales_units,zero_share,missing_share,outlier_share,coefficient_of_variation,skewness,sales_scale,volatility,trend_strength,mean_shift_ratio,variance_shift_ratio,acf_lag_1,acf_lag_7,acf_lag_28,acf_lag_52,acf_focus_lags,adf_pvalue,kpss_pvalue,kpss_pvalue_note,stationarity_hint
819932,BEVERAGES,medium_noise,242,4410943.0,18227.037190082643,0.012396694214876033,0.0,0.04583333333333333,0.34576221476632835,-0.6159728907701335,18227.037190082643,6302.220747471209,0.1713733505704369,1.2776514120743419,1.788916301277409,0.7596532037163987,0.37690373231189606,-0.046646042762213055,0.001518673533818707,"[1, 7]",0.09324303171696441,0.010570662519840705,exact,likely_non_stationary
