model_name,horizon,WAPE,sMAPE,MAE,RMSE,Bias,MedianAE
ets,1,0.08087294392313431,7.037621474409101,6878.558105746774,11547.979000219213,1944.4884763269101,3041.834785929228
ets,2,0.04630759427350452,4.54802465220456,4010.805896856889,5915.448230394297,395.381402591583,1904.4108636415076
ets,3,0.06686175214159969,6.342642583522671,5831.302442051604,8732.339545210978,-216.17415087949232,3280.464195034865
ets,4,0.08254750634668903,7.697649755143753,7245.7019552649845,10813.905653367563,-194.9977969252569,3917.905322344719
ets,5,0.11374597435476926,9.874582343114916,9723.185985638405,15573.32587949082,2109.4619445513417,4676.295231653687
ets,6,0.0738130212556208,6.862876890364135,6414.761363158544,9400.027588439329,737.3741326331286,3506.755684001735
ets,7,0.07383139778087243,7.838246402144558,6469.510069939596,8855.515209510993,-20.242326269565336,3741.141653943807
ets,8,0.08422241696735881,8.294619248671255,7465.4574936498175,10997.894120505744,-405.838116675585,4337.947077140259
