model_name,WAPE,sMAPE,MAE,RMSE,Bias,MedianAE
ets,0.07771980875082198,7.312032918696869,6754.910414038327,10558.20462065369,543.681695669133,3426.239979142192
