model_name,WAPE,sMAPE,MAE,RMSE,Bias,MedianAE
catboost,0.0600962583588539,6.643504895365098,5223.1837411548795,7678.400539232197,-78.83573322164392,3046.0917336013827
