model_name,horizon,WAPE,sMAPE,MAE,RMSE,Bias,MedianAE
catboost,1,0.05580839421417363,6.033441282753603,4746.720766780487,6804.04801646413,1307.1999688226683,3046.087467872163
catboost,2,0.0564952992546041,5.846188695946579,4893.186159849985,7067.2149938462235,205.89918191775686,2711.1188924356484
catboost,3,0.04974010675715977,5.5859337906818345,4338.049732628406,6556.875913743463,-52.144906932612194,2237.7509633865557
catboost,4,0.055438520306859085,5.900661758213778,4866.179643239075,7081.082881523281,-784.5427400097138,3117.5844208708586
catboost,5,0.06394485902118045,7.58451164450544,5466.107795157289,7785.799621157169,922.5455280785013,3746.555623719194
catboost,6,0.06131634400154148,6.848677438438014,5328.730727185546,7981.9979630185735,-904.0554963378685,3080.7868464534477
catboost,7,0.06792851338408874,7.485007932048185,5952.267119182744,8550.378333416424,-4.52864793523698,3251.8752941444654
catboost,8,0.06988089512336781,7.8636166203333415,6194.227985215505,9211.285912250463,-1321.0587533766463,3263.8738112048923
