model_name,WAPE,sMAPE,MAE,RMSE,Bias,MedianAE
ets,0.08383070385903289,8.391880309711642,7156.4956639359825,11260.436794956755,656.4083424946489,3743.4842413780625
