model_name,horizon,WAPE,sMAPE,MAE,RMSE,Bias,MedianAE
ets,1,0.06990115654989403,6.407199661728626,5932.8043340558115,9694.9798014616,502.3090138035999,2911.1185677642206
ets,2,0.06749389759113378,6.722436232115986,5742.827364239513,9178.838294554898,474.40571981799064,3117.0978211537295
ets,3,0.08252841800288825,7.963393384277635,7034.529514556809,11258.177518035916,505.06664540198193,3492.44277395228
ets,4,0.07967208254030848,8.189508285366543,6801.507437313446,10618.91121969456,556.4309522928995,3772.8154652609664
ets,5,0.09233687527769534,9.258114562496209,7885.831226975045,12123.618933226066,713.7872566086318,4343.167935459616
ets,6,0.08868845998045319,9.228222290736763,7586.757825396447,11624.121173608655,760.0749926687973,4093.0734984289084
ets,7,0.09619311883533563,9.715211194839046,8238.319060376956,12712.677305008796,857.3568890280542,4253.927132271494
ets,8,0.0944410798611816,9.75782437427541,8104.5005000926685,12452.739765590999,895.6388406565618,4550.851076668754
