category,number_of_series,total_sales_units,mean_weekly_sales,median_weekly_sales,mean_zero_share,mean_outlier_share,item_count
FOODS,7,1375091,706.6243576567317,510.0,0.0,0.0025786487880350697,1437
HOUSEHOLD,2,124201,223.38309352517985,187.5,0.0,0.0036101083032490976,1047
HOBBIES,1,35343,127.13309352517986,125.0,0.0,0.0036101083032490976,565
