model_name,WAPE,sMAPE,MAE,RMSE,Bias,MedianAE
nbeats,0.044480438756428785,4.434710005287402,9526.53125,10242.92127440422,-3763.328125,9526.53125
