model_name,horizon,WAPE,sMAPE,MAE,RMSE,Bias,MedianAE
nbeats,1,0.05885364539971304,6.0638029956099775,13289.859375,13289.859375,-13289.859375,13289.859375
nbeats,2,0.028455344138050214,2.8056170149648247,5763.203125,5763.203125,5763.203125,5763.203125
