model_name,horizon,WAPE,sMAPE,MAE,RMSE,Bias,MedianAE
lightgbm,1,0.04961036966233485,5.243720947955096,4219.5546967387045,6143.617247019946,612.0123908701732,2695.538624730734
lightgbm,2,0.043746617343776786,4.4495329268496215,3788.9938694213924,5785.793905573462,-740.0734535665824,2202.639496712007
lightgbm,3,0.04541749115103666,4.404229229829467,3961.055739311362,6286.200840112849,-934.0429233545992,2290.5920178084834
lightgbm,4,0.050808721089380456,5.342809333881283,4459.793711946618,6727.806951205526,-1541.7263548778803,2759.419993004347
lightgbm,5,0.05734683055433005,6.122397226273208,4902.09787493251,7420.237926181795,458.74538227042075,2938.7625929069764
lightgbm,6,0.050971380243809775,5.3735886264850095,4429.6959405377975,7143.645157951861,-2144.0090567484926,2422.729553720699
lightgbm,7,0.05339794326178539,5.726127998624105,4679.019252371273,7062.685625113448,-1958.6141395670809,2882.9855924844287
lightgbm,8,0.06139960519140138,6.780691517261292,5442.448212581403,8297.218500393974,-2601.3256512029197,3274.6818661431316
