model_name,WAPE,sMAPE,MAE,RMSE,Bias,MedianAE
lightgbm,0.05160678023766474,5.4303872258948855,4485.332412230132,6899.421275340027,-1106.1292257721202,2659.549214741948
