model_name,WAPE,sMAPE,MAE,RMSE,Bias,MedianAE
lightgbm,0.08634327191626977,8.917375089877535,18492.440747759203,19420.51836163532,-18492.440747759203,18492.440747759203
