model_name,horizon,WAPE,sMAPE,MAE,RMSE,Bias,MedianAE
lightgbm,1,0.10816180621063828,11.434572635833051,24424.233784036653,24424.233784036653,-24424.233784036653,24424.233784036653
lightgbm,2,0.06201717091604786,6.400177543922019,12560.647711481754,12560.647711481754,-12560.647711481754,12560.647711481754
