model_name,horizon,WAPE,sMAPE,MAE,RMSE,Bias,MedianAE
mlp,1,0.08770604806210476,9.17286256887698,19805.078125,19805.078125,-19805.078125,19805.078125
mlp,2,0.027752533512726194,2.8143054037894766,5620.859375,5620.859375,-5620.859375,5620.859375
