model_name,WAPE,sMAPE,MAE,RMSE,Bias,MedianAE
mlp,0.05935827144814835,5.993583986333228,12712.96875,14557.389526472096,-12712.96875,12712.96875
