series_id,category,segment_label,history_weeks,total_sales_units,mean_sales_units,zero_share,missing_share,outlier_share,coefficient_of_variation,skewness,sales_scale,volatility,trend_strength,mean_shift_ratio,variance_shift_ratio,acf_lag_1,acf_lag_7,acf_lag_28,acf_lag_52,acf_focus_lags,adf_pvalue,kpss_pvalue,kpss_pvalue_note,stationarity_hint
FOODS,FOODS,stable,278,45922427,165188.58633093524,0.0,0.0,0.0,0.14606621667096087,-0.7971532305372484,165188.58633093524,24128.471842584113,0.40819041217829966,1.1343875962939285,0.6316786692925481,0.7383265704342129,0.463365128942336,0.15079876479985835,0.5394044362137822,"[1, 7, 52]",0.10932848467355777,0.01,clipped_low,likely_non_stationary_kpss_clipped_low
HOBBIES,HOBBIES,stable,278,6240656,22448.40287769784,0.0,0.0,0.018050541516245487,0.16548537603251845,-0.23811026398457347,22448.40287769784,3714.8823915452963,0.6388962241793499,1.2632064523616107,0.8473657892144861,0.8438440227653651,0.7833958767735626,0.5777874680669173,0.45260707900249464,"[1, 7, 28, 52]",0.4588082111106588,0.01,clipped_low,likely_non_stationary_kpss_clipped_low
HOUSEHOLD,HOUSEHOLD,stable,278,14764090,53108.23741007194,0.0,0.0,0.0,0.22873820579000467,-0.4443516683106753,53108.23741007194,12147.88293784946,0.7848018452388478,1.3525854619581887,0.672459940885234,0.9511577508356421,0.873043479649307,0.7925607615618201,0.7676283253797681,"[1, 7, 28, 52]",0.5646253631693648,0.01,clipped_low,likely_non_stationary_kpss_clipped_low
